id,retweet_count,favorite_count,rating_numerator,rating_denominator,name
892420643555336193,7555,35734,13,10,Phineas
892177421306343426,5599,30873,13,10,Tilly
891815181378084864,3709,23224,12,10,Archie
891689557279858688,7739,39026,13,10,Darla
891327558926688256,8335,37282,12,10,Franklin
890971913173991426,1817,10922,13,10,Jax
890609185150312448,3850,25853,13,10,Zoey
890240255349198849,6576,29520,14,10,Cassie
890006608113172480,6565,28433,13,10,Koda
889880896479866881,4466,25869,13,10,Bruno
889638837579907072,4009,25058,12,10,Ted
889531135344209921,2022,14057,13,10,Stuart
889278841981685760,4779,23344,13,10,Oliver
888917238123831296,4020,26972,12,10,Jim
888804989199671297,3792,23666,13,10,Zeke
888554962724278272,3104,18268,13,10,Ralphus
888078434458587136,3111,20192,12,10,Gerald
887705289381826560,4841,28063,13,10,Jeffrey
887517139158093824,10568,42969,14,10,such
887473957103951883,16125,63675,13,10,Canela
886983233522544640,6857,32316,13,10,Maya
886736880519319552,2869,11084,13,10,Mingus
886680336477933568,4009,20842,13,10,Derek
886366144734445568,2837,19579,12,10,Roscoe
886258384151887873,5664,25948,13,10,Waffles
885984800019947520,6027,30195,12,10,Jimbo
885528943205470208,5729,33315,13,10,Maisey
884925521741709313,16174,71358,12,10,Earl
884876753390489601,4999,25772,13,10,Lola
884562892145688576,4212,22534,13,10,Kevin
884162670584377345,2681,18921,12,10,Yogi
883838122936631299,3073,20250,12,10,Noah
883482846933004288,8853,42436,5,10,Bella
883360690899218434,3317,21012,13,10,Grizzwald
882992080364220416,3485,22141,13,10,Rusty
882762694511734784,4383,26179,12,10,Gus
882627270321602560,5449,25957,13,10,Stanley
882268110199369728,10387,41523,13,10,Alfy
882045870035918850,4370,27182,13,10,Koko
881906580714921986,3050,22563,12,10,Rey
881666595344535552,9571,46958,13,10,Gary
881268444196462592,4743,21569,12,10,Elliot
880935762899988482,2506,15857,13,10,Louis
880465832366813184,5570,26387,12,10,Bella
880221127280381952,3735,25007,12,10,Jesse
879862464715927552,3125,20753,13,10,Romeo
879492040517615616,2862,21782,12,10,Bailey
879415818425184262,40000,98102,13,10,Duddles
879376492567855104,2815,15611,12,10,Jack
879050749262655488,4227,20918,11,10,Steven
879008229531029506,2406,17651,13,10,Beau
878776093423087618,3679,17973,13,10,Snoopy
878281511006478336,1152,7174,13,10,Shadow
878057613040115712,6115,39078,14,10,Emmy
877736472329191424,17026,73523,13,10,Aja
877556246731214848,3421,21074,12,10,Penny
877316821321428993,4678,25470,13,10,Dante
877201837425926144,5011,25176,12,10,Nelly
876838120628539392,3004,19236,12,10,Ginger
876484053909872640,2130,17461,13,10,Benedict
876120275196170240,4200,26015,13,10,Venti
875747767867523072,3849,23365,13,10,Goose
875144289856114688,4423,20406,13,10,Nugget
874680097055178752,4179,25891,12,10,Cash
874296783580663808,3716,24249,13,10,Jed
874012996292530176,9234,31872,13,10,Sebastian
873213775632977920,1431,6673,12,10,Sierra
872620804844003328,3300,19327,13,10,Monkey
872122724285648897,7338,31977,12,10,Kody
871879754684805121,9932,35067,13,10,Lassie
871762521631449091,3165,18880,12,10,Rover
871515927908634625,3152,18853,12,10,Napolean
871032628920680449,3469,21268,13,10,Boomer
870656317836468226,2389,11535,13,10,Cody
870374049280663552,24194,77760,13,10,Zoey
870308999962521604,3778,20519,13,10,Rumble
870063196459192321,7569,34199,14,10,Clifford
869772420881756160,9260,39937,13,10,Dewey
869702957897576449,5753,26454,13,10,Stanley
869596645499047938,2850,14968,12,10,Scout
869227993411051520,3444,19159,13,10,Gizmo
868880397819494401,13175,61331,14,10,Walter
868552278524837888,1893,9462,12,10,Cooper
867774946302451713,6726,31924,13,10,Harold
867421006826221569,2285,15132,12,10,Shikha
866686824827068416,3197,18122,12,10,Lili
866450705531457537,32412,115091,13,10,Jamesy
866334964761202691,13102,49277,12,10,Coco
865718153858494464,5184,24202,13,10,Boomer
865359393868664832,4615,24940,13,10,Sammy
865006731092295680,7111,26446,13,10,Nelly
864279568663928832,2782,13766,12,10,Meatball
864197398364647424,8168,28262,13,10,Paisley
863907417377173506,3826,19460,13,10,Albus
863553081350529029,3873,14423,13,10,Neptune
863432100342583297,4850,22476,12,10,Belle
863062471531167744,2246,7982,13,10,Quinn
862831371563274240,4776,18155,13,10,Zooey
862722525377298433,3283,16196,11,10,Dave
862457590147678208,4566,19317,13,10,Jersey
861383897657036800,9945,34170,13,10,Hobbes
861005113778896900,3550,15813,12,10,Burt
860563773140209665,1994,7110,13,10,Lorenzo
860524505164394496,4943,22450,13,10,Carl
860276583193509888,3274,17455,12,10,Jordy
859924526012018688,3838,18630,12,10,Milky
859851578198683649,3283,14689,13,10,Trooper
859196978902773760,28179,85454,12,10,quite
858471635011153920,4554,20519,13,10,Sophie
858107933456039936,2715,15037,12,10,Wyatt
857989990357356544,2433,15346,12,10,Rosie
857746408056729600,9993,32694,13,10,Thor
857263160327368704,4256,19172,13,10,Oscar
857029823797047296,3745,18027,12,10,Zeke
856543823941562368,2717,15650,12,10,Callie
856282028240666624,5945,26599,14,10,Cermet
855459453768019968,7801,28626,12,10,quite
854732716440526848,5760,21882,12,10,Marlee
854482394044301312,6500,28148,13,10,Arya
854365224396361728,4465,18195,13,10,Einstein
853760880890318849,5476,27583,12,10,Alice
853299958564483072,3398,14966,13,10,Rumpole
852912242202992640,1732,8724,12,10,Benny
852672615818899456,2066,14437,12,10,Aspen
852553447878664193,3325,15781,13,10,Jarod
852311364735569921,9525,32108,13,10,Wiggles
852226086759018497,6566,19388,14,10,General
852189679701164033,1528,11122,12,10,Sailor
851464819735769094,6788,23569,14,10,Iggy
851224888060895234,5528,20114,13,10,Snoop
850753642995093505,8755,29922,11,10,Kyle
850380195714523136,2510,12754,13,10,Leo
850145622816686080,3660,15911,11,10,Riley
850019790995546112,4694,19876,12,10,Boomer
849412302885593088,3039,15474,12,10,Noosh
849051919805034497,8184,41285,13,10,Kevin
848324959059550208,4474,24121,12,10,Odin
848212111729840128,2928,15951,6,10,Jerry
847962785489326080,4905,22999,10,10,Georgie
847842811428974592,1283,5314,12,10,Rontu
847606175596138505,3328,18369,12,10,Cannon
847251039262605312,4193,20058,12,10,Furzey
847157206088847362,5688,19468,11,10,Daisy
846874817362120707,3808,19670,13,10,Tuck
846514051647705089,11180,43645,13,10,Barney
846153765933735936,8767,30924,13,10,Vixen
846042936437604353,2779,15664,12,10,Jarvis
845397057150107648,1744,7485,13,10,Mimosa
845306882940190720,5241,22886,12,10,Pickles
844973813909606400,3094,14797,12,10,Brady
844580511645339650,3035,16184,11,10,Charlie
844223788422217728,2134,13433,12,10,Margo
843856843873095681,4508,21080,12,10,Sadie
843604394117681152,2670,16602,11,10,Hank
843235543001513987,5876,21148,13,10,Tycho
842846295480000512,3548,15047,13,10,Charlie
842765311967449089,1245,6628,12,10,Indie
842535590457499648,3425,17826,13,10,Winnie
842163532590374912,5648,24054,12,10,George
842115215311396866,2958,13766,12,10,Bentley
841680585030541313,7639,25369,12,10,Penny
841314665196081154,4540,15634,13,10,Max
841077006473256960,5193,22527,12,10,Dawn
840632337062862849,1729,8870,12,10,Maddie
840268004936019968,5603,19007,12,10,Monty
839990271299457024,2227,13244,13,10,Sojourner
839549326359670784,7596,27106,12,10,Winston
839239871831150596,6408,26777,13,10,Odie
838921590096166913,2011,10999,13,10,Arlo
838561493054533637,1311,10832,13,10,Walter
838476387338051585,4685,22227,13,10,Stanley
838083903487373313,3066,17420,13,10,Daisy
837482249356513284,437,3821,13,10,Waffles
837471256429613056,2232,12650,12,10,Vincent
837110210464448512,2327,15888,13,10,Clark
836989968035819520,2265,12621,12,10,Mookie
836753516572119041,4568,19156,12,10,Meera
836677758902222849,2194,12498,11,10,Oliver
836380477523124226,2942,14627,12,10,Ava
836260088725786625,4242,21118,13,10,Lucy
835574547218894849,3564,17637,11,10,Eli
835297930240217089,2964,16328,12,10,Ash
835264098648616962,1666,7667,12,10,Lola
834931633769889797,1616,10713,12,10,Tucker
834786237630337024,5427,21228,13,10,Tobi
834458053273591808,1655,9532,12,10,Chester
834209720923721728,4677,20406,12,10,Wilson
834167344700198914,3610,15704,11,10,Sunshine
834086379323871233,2182,12953,12,10,Lipton
833863086058651648,2373,13336,12,10,Bentley
833826103416520705,3729,17941,13,10,Charlie
833722901757046785,3179,20668,13,10,Bronte
833479644947025920,2025,14754,13,10,Poppy
833124694597443584,4775,20050,12,10,Gidget
832998151111966721,2171,13156,13,10,Rhino
832757312314028032,3579,16748,13,10,Willow
832645525019123713,524,2909,10,10,not
832636094638288896,2750,15746,12,10,Orion
832397543355072512,2191,11885,12,10,Eevee
832369877331693569,3155,17088,11,10,Charlie
832273440279240704,2316,11282,14,10,Smiley
832032802820481025,4609,17751,12,10,Miguel
831939777352105988,6064,23828,12,10,Emanuel
831911600680497154,6426,27412,14,10,Kuyu
831670449226514432,1796,10370,13,10,Daisy
831552930092285952,2296,8926,13,10,Dutch
831322785565769729,1535,9230,12,10,Pete
831309418084069378,2437,11701,12,10,Scooter
831262627380748289,2020,11842,12,10,Tucker
830956169170665475,1481,7932,12,10,Reggie
830583320585068544,16583,66386,13,10,Lilly
830097400375152640,2909,9742,13,10,Samson
829861396166877184,1918,12179,12,10,Mia
829501995190984704,10490,31573,12,10,Leo
829141528400556032,7256,24275,12,10,Malcolm
829011960981237760,16182,52965,13,10,Dexter
828770345708580865,5805,25476,13,10,Alfie
828708714936930305,11073,36315,10,10,Fiona
828650029636317184,1328,9470,14,10,one
828409743546925057,1157,6323,12,10,Mutt
828408677031882754,1279,7645,12,10,Bear
828381636999917570,2199,12534,14,10,Doobert
828376505180889089,1061,7344,13,10,Beebop
828372645993398273,2907,12527,12,10,Alexander
828046555563323392,2852,11710,13,10,Sailer
828011680017821696,2133,10317,11,10,Brutus
827933404142436356,5202,20004,12,10,Kona
827653905312006145,3002,15443,12,10,Boots
827600520311402496,932,7443,13,10,Tucker
827324948884643840,3010,15793,12,10,Ralphie
827199976799354881,2209,10546,13,10,Charlie
826958653328592898,4951,21504,12,10,Loki
826848821049180160,10072,36216,13,10,Cupid
826598365270007810,2323,10012,13,10,Pawnd
826476773533745153,4156,18346,12,10,Pilot
826115272272650244,3080,15612,13,10,Ike
825876512159186944,1859,10463,11,10,Mo
825829644528148480,2473,12713,12,10,Toby
825147591692263424,4510,18252,13,10,Sweet
825026590719483904,1243,6282,12,10,Pablo
824775126675836928,3489,14865,12,10,Scooter
824663926340194305,1765,10502,13,10,Wilson
824297048279236611,3836,15041,11,10,Nala
823939628516474880,2694,10617,12,10,Cash
823699002998870016,2507,13976,12,10,Winston
823581115634085888,2611,13006,11,10,Crawford
823322678127919110,3999,15714,11,10,Wyatt
822975315408461824,3428,17312,12,10,Albus
822859134160621569,2264,13248,12,10,Hobbes
822489057087389700,6379,18154,13,10,Paisley
822462944365645825,14213,27974,14,10,Gabe
821886076407029760,2293,11315,13,10,Jimison
821765923262631936,1654,8416,13,10,Duchess
821522889702862852,1754,8046,13,10,Harlso
821407182352777218,4328,11768,14,10,Sundance
821149554670182400,1970,8631,12,10,Luca
821044531881721856,2273,12670,12,10,Flash
820749716845686786,9852,31550,13,10,Sunny
819952236453363712,1174,5332,13,10,Oliver
819711362133872643,3100,13391,11,10,Howie
819588359383371776,1984,9669,13,10,Jazzy
819347104292290561,1203,7228,12,10,Anna
819227688460238848,6710,23096,12,10,Finn
819006400881917954,18954,45410,14,10,Sunny
819004803107983360,36842,87079,14,10,Bo
818627210458333184,7533,22456,13,10,Wafer
818614493328580609,2550,9858,12,10,Bear
818536468981415936,2450,10919,11,10,Tom
818259473185828864,2263,11039,12,10,Florence
818145370475810820,2567,12297,11,10,Autumn
817827839487737858,27060,51753,13,10,Buddy
817777686764523521,2683,10782,13,10,Dido
817536400337801217,2961,11801,12,10,Eugene
817423860136083457,14690,33899,13,10,Ken
817415592588222464,943,5614,11,10,Strudel
817171292965273600,2022,8789,13,10,Tebow
817056546584727552,1643,8612,11,10,Chloe
816816676327063552,2038,10035,12,10,Timber
816697700272001025,2184,9804,12,10,Binky
816450570814898180,8063,30502,13,10,Moose
816336735214911488,1945,8629,11,10,Dudley
816091915477250048,2139,8972,12,10,Comet
815990720817401858,1016,4959,11,10,Jack
815736392542261248,2264,9878,11,10,Akumi
815639385530101762,1652,8258,12,10,Titan
814986499976527872,1276,7695,11,10,Cooper
814638523311648768,2698,11313,12,10,Olivia
814530161257443328,1865,8676,12,10,Alf
814153002265309185,8693,28877,12,10,Oshie
813910438903693312,1869,9344,11,10,Chubbs
813812741911748608,14006,36583,14,10,Gary
813800681631023104,1762,8367,12,10,Sky
813217897535406080,7309,18726,13,10,Atlas
813172488309972993,1928,9315,12,10,Eleanor
813157409116065792,2218,7816,12,10,Layla
813112105746448384,2753,10359,12,10,Toby
813096984823349248,3641,10638,11,10,Rocky
813081950185472002,2799,9946,11,10,Baron
813066809284972545,1962,7995,12,10,Tyr
813051746834595840,7388,21111,13,10,Bauer
812781120811126785,1912,7612,10,10,Swagger
812709060537683968,1438,6651,12,10,Brandi
812466873996607488,1943,8009,12,10,Mary
812372279581671427,3670,13723,13,10,Moe
811985624773361665,1405,7309,11,10,Ted
811744202451197953,1601,7585,13,10,Halo
811627233043480576,3094,12845,10,10,Augie
811386762094317568,6417,21043,11,10,Craig
810896069567610880,1780,9062,11,10,Hunter
810657578271330305,2663,11039,11,10,Pavlov
810284430598270976,11328,35457,13,10,Phil
810254108431155201,3394,14788,12,10,Gus
809220051211603969,5629,20051,12,10,Kyro
809084759137812480,3553,13337,11,10,Wallace
808838249661788160,3052,10185,13,10,Ito
808501579447930884,2611,11398,12,10,Koda
808344865868283904,20963,42831,11,10,Seamus
808001312164028416,3558,12626,12,10,Cooper
807621403335917568,3630,14683,14,10,Ollie
807106840509214720,55651,118993,13,10,Stephan
807010152071229440,3885,13181,12,10,Lennon
806542213899489280,2371,10300,11,10,Waffles
806219024703037440,1198,6493,11,10,incredibly
805932879469572096,1934,8341,12,10,Major
805826884734976000,1832,6606,12,10,Duke
805520635690676224,1666,5801,13,10,Zeke
805487436403003392,2541,8865,12,10,Sansa
805207613751304193,1729,7895,12,10,Shooter
804738756058218496,3832,13811,12,10,Django
804026241225523202,16217,44768,13,10,Bo
803773340896923648,2758,10137,12,10,Diogi
803380650405482500,1882,7826,12,10,Sonny
803276597545603072,2472,10115,11,10,Winston
802952499103731712,2012,9085,12,10,Marley
802600418706604034,1480,7165,11,10,Bailey
802572683846291456,2522,9005,12,10,Winnie
802323869084381190,5855,16306,13,10,Severus
802239329049477120,2637,9150,12,10,Loki
801958328846974976,1728,7819,12,10,Ronnie
801538201127157760,2082,8291,12,10,Wallace
801167903437357056,5949,24638,13,10,Milo
801115127852503040,2109,8139,12,10,Bones
800751577355128832,2812,10648,12,10,Mauve
800513324630806528,3009,13224,11,10,Chef
800388270626521089,2829,11225,12,10,Doc
800141422401830912,2559,15395,13,10,Peaches
799757965289017345,2179,8460,13,10,Sobe
799422933579902976,1938,8139,12,10,Longfellow
799297110730567681,2778,9959,11,10,Jeffrey
799063482566066176,2489,8142,11,10,Mister
798933969379225600,4485,13185,12,10,Iroh
798925684722855936,1451,7567,11,10,Shadow
798209839306514432,2578,10506,13,10,Cooper
797545162159308800,4897,14663,12,10,Cassie
797236660651966464,6626,20113,12,10,Pancake
796865951799083009,1935,7745,12,10,Tyr
796759840936919040,3046,11919,11,10,Romeo
796387464403357696,4161,11083,12,10,Snicku
796149749086875649,14363,32470,11,10,Ruby
796080075804475393,2318,8526,12,10,Yogi
796031486298386433,3734,10880,13,10,Daisy
795400264262053889,2884,10138,12,10,Brody
795076730285391872,5467,16316,11,10,Bailey
794926597468000259,2316,10315,12,10,Mack
794332329137291264,2701,9656,12,10,Nimbus
794205286408003585,3335,9292,14,10,Laika
793962221541933056,4906,16959,12,10,Maximus
793845145112371200,1875,9297,13,10,Clark
793601777308463104,1631,8039,12,10,Dobby
793500921481273345,2380,10746,12,10,Fiona
793286476301799424,9216,24769,13,10,Moreton
793271401113350145,2405,8762,12,10,Dave
793241302385262592,3310,10588,13,10,Tucker
793226087023144960,2899,9901,11,10,Juno
793210959003287553,2808,9000,10,10,Maude
793195938047070209,5657,15366,12,10,Lily
793180763617361921,2013,6987,11,10,Newt
793165685325201412,2807,9467,12,10,Benji
793150605191548928,1714,6225,11,10,Nida
793120401413079041,3943,12754,11,10,Robin
792883833364439040,4289,11369,12,10,Bailey
792773781206999040,1687,7409,12,10,Monster
792394556390137856,4314,13537,12,10,BeBe
792050063153438720,1805,7209,11,10,Remus
791406955684368384,4130,13225,12,10,Levi
791312159183634433,2546,8854,12,10,Mabel
790987426131050500,2145,9903,12,10,Misty
790946055508652032,4721,16757,12,10,Betty
790698755171364864,1933,8282,12,10,Mosby
790581949425475584,7174,20792,11,10,Duke
790337589677002753,1890,7877,12,10,Maggie
790277117346975746,3191,12651,11,10,Bruce
789986466051088384,2322,9318,12,10,Happy
789903600034189313,4160,10423,13,10,Ralphy
789628658055020548,1777,7544,13,10,Eli
789599242079838210,1937,6805,12,10,Brownie
789530877013393408,3388,11796,12,10,Rizzy
789268448748703744,2624,9180,10,10,Stella
789137962068021249,2801,9789,12,10,Bo
788908386943430656,12538,27605,11,10,Lucy
788765914992902144,10337,27514,12,10,Butter
788412144018661376,5285,15636,11,10,Dexter
788150585577050112,1294,6160,13,10,Leo
787810552592695296,3068,8660,11,10,Frank
787717603741622272,2784,10326,13,10,Tonks
787397959788929025,2857,10955,11,10,Moose
787322443945877504,1751,7822,10,10,Lincoln
786963064373534720,8010,26785,12,10,Rory
786595970293370880,3133,9505,11,10,Dale
786363235746385920,3514,10952,13,10,Rizzo
786286427768250368,2845,8017,12,10,Arnie
786233965241827333,4747,15334,11,10,Mattie
785927819176054784,3200,11446,12,10,Lucy
785872687017132033,1813,6730,12,10,Rusty
785639753186217984,2250,7892,10,10,Pinot
785533386513321988,2002,9162,11,10,Dallas
785264754247995392,1631,7295,12,10,Doc
785170936622350336,4844,12095,11,10,Hero
784826020293709826,3254,10153,13,10,Rusty
784517518371221505,2541,9008,11,10,Frankie
784431430411685888,1273,5739,12,10,Stormy
784183165795655680,8051,20154,12,10,Reginald
784057939640352768,11130,29880,12,10,Balto
783839966405230592,10799,30164,13,10,Riley
783821107061198850,1981,7390,12,10,Mairi
783695101801398276,3213,10508,12,10,Loomis
783466772167098368,2248,8501,11,10,Finn
783391753726550016,5480,16953,13,10,Godi
783334639985389568,11676,29248,12,10,Dave
783085703974514689,2205,8185,11,10,Earl
782969140009107456,7381,24215,12,10,Cali
782747134529531904,1410,7493,11,10,Deacon
782722598790725632,5399,17331,10,10,Penny
782598640137187329,1876,7821,11,10,Timmy
782305867769217024,5565,16688,12,10,Sampson
781955203444699136,3373,11163,11,10,Chipson
781655249211752448,1131,4000,11,10,Combo
781251288990355457,2080,8467,11,10,Oakley
780858289093574656,2016,7207,10,10,Dash
780800785462489090,1301,5493,11,10,Koda
780601303617732608,3357,12145,12,10,Hercules
780459368902959104,1079,5307,11,10,Bear
779834332596887552,7034,18926,11,10,Scout
778990705243029504,7186,19978,11,10,Jay
778748913645780993,1305,6902,11,10,Mya
778650543019483137,1496,5778,10,10,Strider
778624900596654080,1008,4644,11,10,Penny
778383385161035776,1102,5837,13,10,Nala
778286810187399168,3287,10377,11,10,Stanley
777885040357281792,1629,6347,3,10,Wesley
777621514455814149,2502,8749,12,10,Derek
777189768882946048,4294,14278,12,10,Jeffrey
776813020089548800,1206,4881,12,10,Solomon
776477788987613185,2770,8828,11,10,Huck
776201521193218049,2514,9616,10,10,O
776113305656188928,4344,11755,11,10,Sampson
775842724423557120,2649,11715,12,10,Blue
775733305207554048,3977,13871,11,10,Anakin
775364825476165632,2956,7395,11,10,Finley
775350846108426240,3896,10154,12,10,Maximus
775085132600442880,4717,15545,13,10,Tucker
774757898236878852,1786,8601,12,10,Finley
774639387460112384,1725,6724,10,10,Sprinkles
773985732834758656,3840,10712,11,10,Winnie
773922284943896577,1745,6395,12,10,Heinrich
773704687002451968,1620,6591,12,10,Loki
773670353721753600,1308,5359,10,10,Shakespeare
773547596996571136,6118,22078,11,10,Chelsea
773308824254029826,7447,23284,12,10,Bungalo
773247561583001600,3243,9452,10,10,Chip
773191612633579521,4110,9972,12,10,Grey
772826264096874500,2338,8027,11,10,Roosevelt
772193107915964416,1383,6024,12,10,Willem
772117678702071809,737,3768,12,10,Jack
772114945936949249,466,2730,10,10,Finn
772102971039580160,938,3987,11,10,Penny
771770456517009408,3351,11980,11,10,Davey
771500966810099713,2601,8242,12,10,Dakota
771380798096281600,5047,10451,11,10,Fizz
771136648247640064,2910,9126,11,10,Dixie
771102124360998913,1435,6227,12,10,Charlie
770787852854652928,1195,4912,10,10,Winston
770772759874076672,1410,5155,11,10,Sebastian
770655142660169732,1758,7318,11,10,very
770414278348247044,2093,6312,11,10,Al
770293558247038976,1466,6223,10,10,Jackson
770069151037685760,2283,7569,10,10,Carbon
769940425801170949,9501,31245,12,10,Klein
769695466921623552,1675,6399,13,10,Titan
769212283578875904,1708,5377,12,10,DonDon
768970937022709760,6466,14308,12,10,Kirby
768855141948723200,882,4183,11,10,Jesse
768609597686943744,1197,4101,10,10,Lou
768596291618299904,1276,5019,12,10,Oakley
768473857036525572,3400,13590,11,10,Chevy
768193404517830656,3519,10825,8,10,Gerald
767884188863397888,1372,4726,10,10,Tito
767754930266464257,5356,15948,11,10,Philbert
767500508068192258,2329,7478,12,10,Louie
767122157629476866,2841,10145,13,10,Rupert
766793450729734144,1349,5047,10,10,Rufus
766693177336135680,788,3994,11,10,Brudge
766423258543644672,1572,5981,9,10,Shadoe
766313316352462849,1877,6765,12,10,Oscar
766069199026450432,846,4210,12,10,Juno
766008592277377025,494,3732,11,10,Angel
765719909049503744,2137,7202,12,10,Brat
765669560888528897,1217,5166,12,10,Tove
765395769549590528,3362,26523,13,10,my
765371061932261376,2151,7040,11,10,Louie
765222098633691136,3362,11592,10,10,Gromit
764857477905154048,1764,6428,12,10,Aubie
764259802650378240,1491,5988,10,10,Kota
763837565564780549,4118,12508,11,10,Alfie
763183847194451968,1455,5352,8,10,Clark
763103485927849985,2278,7330,10,10,Belle
762699858130116608,3584,12079,11,10,Leela
762471784394268675,6364,11160,12,10,Glenn
762464539388485633,4144,10230,12,10,Buddy
762316489655476224,1112,4771,11,10,Scout
761976711479193600,1992,5379,12,10,Shelby
761599872357261312,1182,4107,11,10,Sephie
761334018830917632,1439,5163,10,10,Bruce
761292947749015552,1075,4463,11,10,Bonaparte
761227390836215808,1549,5297,10,10,Albert
761004547850530816,3441,11262,11,10,Bo
760893934457552897,965,3798,11,10,Wishes
760656994973933572,1892,6543,11,10,Rose
760641137271070720,1283,4951,12,10,Theo
760539183865880579,3589,7524,12,10,Atlas
760290219849637889,11368,26630,13,10,Rocco
760252756032651264,862,3931,4,10,Fido
760190180481531904,1781,5658,10,10,Sadie
759846353224826880,1947,6693,11,10,Kirby
759793422261743616,1886,5913,12,10,Maggie
759557299618865152,1174,4656,10,10,Emma
759447681597108224,2433,8417,11,10,Oakley
759197388317847553,1927,6035,12,10,Luna
759099523532779520,4123,14410,7,10,Toby
759047813560868866,1988,6439,11,10,Spencer
758854675097526272,888,3525,11,10,Lilli
758740312047005698,1601,5698,12,10,Boston
758474966123810816,988,3775,11,10,Brandonald
758405701903519748,1884,5168,10,10,Odie
758355060040593408,1056,3372,11,10,Corey
757741869644341248,3218,6841,10,10,Leonard
757725642876129280,1195,4517,11,10,Beckham
757611664640446465,1092,4539,12,10,Cooper
757354760399941633,1404,4483,8,10,Devón
756998049151549440,1965,6231,11,10,Oliver
756939218950160384,1988,6593,12,10,Jax
756651752796094464,1284,5007,11,10,Gert
755206590534418437,5295,16301,14,10,one
755110668769038337,10966,21011,13,10,Watson
754856583969079297,2482,6855,11,10,Winnie
754747087846248448,513,2569,12,10,Keith
754482103782404096,1930,5247,10,10,Milo
754449512966619136,724,3715,11,10,Dex
753398408988139520,1876,5705,12,10,Scout
753375668877008896,2294,7583,8,10,Hank
753294487569522689,1025,3339,11,10,Ace
753026973505581056,949,3889,10,10,Tayzie
752932432744185856,6784,12513,12,10,Carl
752917284578922496,1557,6881,11,10,Grizzie
752173152931807232,1809,5902,12,10,Brody
751950017322246144,899,3036,13,10,Lola
751937170840121344,1310,5143,11,10,Ruby
751830394383790080,1920,5759,12,10,Tucker
751793661361422336,2861,5766,11,10,Fred
751598357617971201,3010,7841,13,10,Toby
751538714308972544,1243,4991,10,10,Max
751251247299190784,5797,12380,10,10,Gilbert
751132876104687617,1284,5016,10,10,Cooper
750868782890057730,1346,4735,11,10,Milo
750719632563142656,4956,13047,12,10,Meyer
750506206503038976,1129,4398,8,10,Malcolm
750429297815552001,4220,13043,12,10,Arnie
750383411068534784,1134,4517,9,10,Zoe
750132105863102464,1278,3573,11,10,Stewie
750117059602808832,1290,4291,10,10,Calvin
750101899009982464,828,3011,11,10,Lilah
750086836815486976,524,2148,12,10,Spanky
750056684286914561,883,3133,11,10,Jameson
750041628174217216,606,3139,13,10,Beau
750026558547456000,775,2694,10,10,Jax
750011400160841729,893,3215,11,10,Piper
749996283729883136,802,3034,12,10,Bo
749774190421639168,1301,4625,12,10,Lucy
749417653287129088,1620,6053,11,10,Finn
749395845976588288,3388,8477,10,10,George
749317047558017024,2208,5438,12,10,Blu
749075273010798592,2049,5698,11,10,Boomer
749064354620928000,1500,4761,11,10,Winston
749036806121881602,787,3061,8,10,Dietrich
748977405889503236,3349,10654,10,10,not
748932637671223296,2212,5746,13,10,Divine
748699167502000129,1559,4687,11,10,Tripp
748692773788876800,1316,4199,10,10,his
748575535303884801,1948,6000,6,10,one
748568946752774144,663,2175,12,10,Cora
748324050481647620,744,3641,11,10,Duke
747844099428986880,736,2784,11,10,Huxley
747648653817413632,5762,12729,12,10,Keurig
747600769478692864,550,2298,10,10,Bookstore
747439450712596480,1885,5354,12,10,Linus
747219827526344708,1541,5193,11,10,Atticus
747204161125646336,903,3328,10,10,Clark
746757706116112384,3845,9444,11,10,Maddie
746726898085036033,1763,5962,12,10,Abby
746507379341139972,1070,4594,10,10,Shiloh
746369468511756288,1608,6108,9,10,an
746131877086527488,2163,6817,10,10,Gustav
746056683365994496,801,3518,11,10,Arlen
745789745784041472,1049,3964,10,10,Gus
745712589599014916,2288,6903,7,10,Percy
745433870967832576,2493,6989,10,10,Lenox
745422732645535745,2394,8458,9,10,very
745314880350101504,2708,7084,12,10,Sugar
745074613265149952,3414,7720,11,10,Jeffrey
745057283344719872,2206,7164,12,10,Oliver
744995568523612160,604,2936,9,10,Abby
744971049620602880,2640,7762,12,10,Indie
744709971296780288,1537,5532,10,10,Harvey
744334592493166593,2067,6688,11,10,Blanket
744223424764059648,356,1638,12,10,actually
743980027717509120,1072,4110,11,10,Geno
743609206067040256,1355,4400,10,10,Stark
743595368194129920,6398,18061,7,10,Harold
743545585370791937,922,3478,11,10,Bentley
743510151680958465,3670,7822,13,10,Beya
743253157753532416,1199,4160,10,10,Kilo
743210557239623680,1337,3784,10,10,Kayla
742528092657332225,1932,4352,10,10,Maxaroni
742423170473463808,3685,9674,12,10,Bell
742385895052087300,1927,6697,11,10,Phil
742161199639494656,1340,4258,12,10,Doug
742150209887731712,1516,5030,8,10,Edmund
741743634094141440,2693,8047,11,10,Aqua
741438259667034112,808,3633,9,10,Tucker
741303864243200000,3140,8642,12,10,Theodore
741099773336379392,5404,9826,11,10,Ted
741067306818797568,3034,9376,12,10,just
740995100998766593,2677,6258,10,10,Leo
740699697422163968,766,2798,8,10,Chip
740676976021798912,6690,17873,11,10,Baloo
740359016048689152,848,3243,9,10,Chase
740214038584557568,1923,6580,10,10,getting
739979191639244800,5804,19623,12,10,Nollie
739932936087216128,1055,3989,10,10,Rorie
739844404073074688,842,3744,12,10,Simba
739606147276148736,1620,5299,9,10,Benji
739485634323156992,2867,7037,6,10,Kyle
738885046782832640,1119,3710,11,10,Charles
738537504001953792,1494,5000,11,10,Bayley
738166403467907072,3284,8621,12,10,Axel
738156290900254721,626,2457,10,10,Storkson
737826014890496000,1732,5173,10,10,Remy
737800304142471168,3389,9815,10,10,Bella
737322739594330112,795,3544,9,10,Lily
736736130620620800,1691,4168,13,10,Chadrick
736392552031657984,7211,17386,13,10,mad
736365877722001409,1212,3897,11,10,Rory
736225175608430592,2720,7965,10,10,very
735991953473572864,1120,3523,11,10,Maxaroni
735635087207878657,2299,6054,11,10,Dakota
735256018284875776,860,3266,8,10,Kellogg
735137028879360001,951,3071,9,10,Buckley
734912297295085568,516,2698,10,10,Jax
734776360183431168,527,2458,11,10,Livvie
733828123016450049,760,3512,10,10,Terry
733822306246479872,1001,3591,10,10,Moose
733460102733135873,1249,4110,11,10,Hermione
732732193018155009,525,2388,12,10,Ralpher
732726085725589504,872,3485,11,10,Aldrick
732375214819057664,2458,7922,11,10,Kyle
732005617171337216,5267,14601,11,10,Larry
731285275100512256,974,3420,12,10,Solomon
730924654643314689,1935,6020,9,10,unacceptable
730573383004487680,2086,4789,10,10,Rooney
730427201120833536,1022,3420,11,10,Crystal
730211855403241472,1036,3744,11,10,Ziva
730196704625098752,1849,4743,6,10,Charles
729854734790754305,1097,3954,11,10,Ollie
729823566028484608,1219,3898,13,10,Stefan
729463711119904772,2267,5672,13,10,Pupcasso
728986383096946689,802,3081,11,10,Puff
728751179681943552,663,2706,10,10,Flurpson
728653952833728512,1010,3248,8,10,Coleman
728409960103686147,1948,4805,10,10,Wallace
728387165835677696,940,3627,12,10,Enchilada
728046963732717569,1171,4211,11,10,Raymond
728035342121635841,1628,4469,12,10,all
728015554473250816,1083,4043,11,10,Rueben
727685679342333952,629,2903,12,10,Cilantro
727175381690781696,1355,3836,10,10,Karll
726935089318363137,2380,6729,12,10,Sprout
726887082820554753,1487,3754,10,10,Blitz
726828223124897792,979,3489,12,10,Bloop
725842289046749185,2604,6930,12,10,Colby
725786712245440512,1338,4090,11,10,Lillie
725729321944506368,1743,5101,12,10,Lola
724983749226668032,1278,3655,12,10,Fred
724405726123311104,1612,5173,10,10,Ashleigh
724049859469295616,1734,4242,10,10,Kreggory
724046343203856385,543,2607,10,10,Sarge
724004602748780546,1504,4107,11,10,Luther
723912936180330496,1205,3804,12,10,Sugar
723688335806480385,2864,7514,12,10,Reginald
723673163800948736,866,2952,10,10,Ivar
723179728551723008,1818,5198,8,10,Jangle
722613351520608256,1599,4862,12,10,Schnitzel
721503162398597120,1785,4529,11,10,Panda
721001180231503872,596,2479,11,10,Oliver
720785406564900865,748,3048,12,10,Archie
720775346191278080,643,2408,10,10,Berkeley
720389942216527872,2440,6229,11,10,Ralphé
720340705894408192,951,2806,10,10,Derek
720059472081784833,1098,3786,9,10,Charleson
720043174954147842,1957,4815,11,10,Neptune
719704490224398336,1389,4442,12,10,Clyde
719551379208073216,1849,4945,10,10,Harnold
719367763014393856,727,2736,11,10,Sid
719339463458033665,1201,4344,10,10,Lucy
719332531645071360,923,3356,11,10,Pippa
718971898235854848,1049,3418,10,10,Sadie
718939241951195136,1712,5141,12,10,Otis
718613305783398402,470,2388,11,10,Carper
718460005985447936,512,2642,9,10,Bowie
718246886998687744,485,1865,3,10,Alexanderson
718234618122661888,962,3793,11,10,Suki
717841801130979328,590,2403,11,10,Barclay
717428917016076293,435,1581,11,10,Skittle
717421804990701568,819,3097,9,10,Ebby
717047459982213120,1880,6165,12,10,Flávio
717009362452090881,940,3178,10,10,Smokey
716802964044845056,1143,4191,10,10,Link
716791146589110272,1539,8015,11,10,Jennifur
716447146686459905,5726,12780,13,10,Ozzy
716285507865542656,1028,2713,12,10,Stephanus
715928423106027520,858,3125,11,10,Bubbles
715758151270801409,1400,3650,13,10,old
715704790270025728,557,2732,11,10,Bentley
715696743237730304,1262,3833,10,10,Toby
715680795826982913,1571,4211,12,10,Zeus
715360349751484417,1526,5360,11,10,Bertson
715342466308784130,676,2988,10,10,Oscar
715220193576927233,633,2375,10,10,Nico
715200624753819648,1832,5039,12,10,Michelangelope
715009755312439296,1196,4067,12,10,Siba
714982300363173890,1009,3653,9,10,Calbert
714957620017307648,1374,4059,10,10,Curtis
714631576617938945,968,3209,4,10,Benedict
714485234495041536,1099,2621,10,10,Blitz
714258258790387713,707,2972,10,10,Travis
714251586676113411,816,3204,8,10,Thumas
713919462244790272,776,3230,12,10,Kanu
713909862279876608,526,1860,12,10,Doug
713761197720473600,1337,4765,12,10,Piper
713177543487135744,2779,7080,10,10,Lance
713175907180089344,1439,4369,10,10,Opie
712809025985978368,6575,18676,10,10,Stubert
712668654853337088,1187,4099,10,10,Sunny
712438159032893441,1528,5215,11,10,Kane
712092745624633345,864,2881,7,10,Steven
712085617388212225,475,3217,11,10,Olive
712065007010385924,606,2214,6,10,Chester
711968124745228288,2247,7893,10,10,Winston
711743778164514816,966,2787,11,10,Roosevelt
711652651650457602,893,3779,9,10,Gary
711008018775851008,596,2943,11,10,Chuckles
710997087345876993,1353,4480,12,10,Milo
710844581445812225,669,2500,10,10,Staniel
710833117892898816,519,2638,12,10,Sora
710588934686908417,1817,4442,12,10,Beemo
710296729921429505,718,2330,12,10,Oshie
710283270106132480,510,2110,11,10,Gunner
710272297844797440,1222,4445,11,10,infuriating
710153181850935296,871,2853,11,10,Lacy
710140971284037632,857,2704,8,10,Tater
709918798883774466,1067,3428,12,10,Watson
709566166965075968,1175,3478,12,10,Olaf
709556954897764353,1047,3225,12,10,Cecil
709519240576036864,231,1468,9,10,Vince
709449600415961088,558,2175,10,10,Karma
709409458133323776,664,2562,8,10,Billy
709225125749587968,562,2371,11,10,Walker
709207347839836162,5639,12267,11,10,Penny
709179584944730112,656,1967,13,10,Sammy
709158332880297985,408,2001,10,10,Rodney
709042156699303936,1590,4639,9,10,Klevin
708853462201716736,647,1771,8,10,Lucy
708834316713893888,491,1655,10,10,Malikai
708810915978854401,6770,16153,10,10,Mister
708738143638450176,791,2700,11,10,Coco
708711088997666817,700,2487,11,10,Smokey
708479650088034305,666,2500,13,10,Bear
708469915515297792,800,3047,11,10,Bobble
708356463048204288,1288,3509,10,10,Oliver
708349470027751425,720,2303,11,10,River
708149363256774660,1521,4215,10,10,Jebberson
708119489313951744,962,2643,9,10,Cooper
708109389455101952,540,1915,10,10,Remington
707995814724026368,1105,3077,12,10,Farfle
707969809498152960,943,2647,11,10,Rufus
707776935007539200,937,3224,11,10,Sadie
707693576495472641,966,3335,7,10,Jiminus
707610948723478529,6203,16657,12,10,Harper
707420581654872064,679,2231,4,10,Keurig
707387676719185920,1254,3434,10,10,Clarkus
707315916783140866,629,2428,10,10,Finnegus
707297311098011648,766,2717,10,10,Cassie
707059547140169728,658,2545,11,10,Cupcake
707038192327901184,765,2143,10,10,Kathmandu
707021089608753152,1327,4007,12,10,Tucker
707014260413456384,585,2270,11,10,Ellie
706901761596989440,575,2013,3,10,Elliot
706681918348251136,956,3244,12,10,Katie
706644897839910912,1066,2527,9,10,Shadow
706538006853918722,1401,3413,11,10,Oliver
706346369204748288,906,3388,12,10,Koda
706265994973601792,917,2681,11,10,Kara
706166467411222528,1572,5064,7,10,Dexter
706153300320784384,379,1457,13,10,Layla
705975130514706432,716,3051,10,10,Adele
705970349788291072,875,3117,12,10,Lucy
705898680587526145,539,2320,10,10,Max
705475953783398401,889,2905,12,10,Zara
705442520700944385,1589,4347,12,10,Cooper
705428427625635840,1642,3750,11,10,Ambrose
705239209544720384,734,2952,11,10,Jimothy
705223444686888960,781,2545,9,10,Bode
705102439679201280,508,2105,10,10,Terrenth
705066031337840642,611,2147,12,10,Reese
704819833553219584,963,2591,7,10,Chesterson
704480331685040129,1048,3330,11,10,Lucia
704364645503647744,3475,7832,12,10,Bisquick
704347321748819968,344,1550,10,10,Ralphson
704113298707505153,561,1815,8,10,Stanley
703631701117943808,669,2529,11,10,Bella
703611486317502464,1498,3770,10,10,Scooter
703382836347330562,1119,3452,12,10,Charlie
703356393781329922,378,1878,9,10,Socks
703041949650034688,12201,25865,10,10,an
702932127499816960,708,2535,6,10,Chip
702899151802126337,445,1590,12,10,Luna
702684942141153280,1055,3173,11,10,Lucy
702671118226825216,550,2163,10,10,Rambo
702598099714314240,3366,12025,11,10,Sansa
702332542343577600,1516,3126,13,10,Rudy
701981390485725185,966,3388,12,10,Fiji
701952816642965504,1005,3787,11,10,Rilo
701889187134500865,1360,3481,11,10,Bilbo
701601587219795968,441,2063,10,10,Coopson
701570477911896070,909,2770,9,10,Yoda
701545186879471618,598,2619,10,10,Millie
700890391244103680,558,2186,11,10,Chet
700847567345688576,493,2409,10,10,Crouton
700796979434098688,919,2397,7,10,Daniel
700747788515020802,9086,22437,11,10,very
700518061187723268,781,2565,10,10,Vincent
700505138482569216,555,2256,12,10,Kaia
700462010979500032,1752,4057,6,10,Murphy
700167517596164096,715,2592,10,10,Dotsy
700062718104104960,676,2608,6,10,Eazy
700029284593901568,575,2043,10,10,Coops
700002074055016451,1310,3255,9,10,Thumas
699801817392291840,934,3006,11,10,Cooper
699788877217865730,500,2195,12,10,Nala
699775878809702401,592,1931,11,10,Fillup
699691744225525762,4517,10116,5,10,Dave
699446877801091073,2562,5854,12,10,Archie
699413908797464576,618,2046,11,10,Miley
699370870310113280,430,1860,11,10,Calbert
699088579889332224,619,2211,3,10,Charl
699079609774645248,640,2408,8,10,Reagan
699060279947165696,1764,3675,12,10,Yukon
698989035503689728,954,3286,13,10,Oliver
698953797952008193,889,2633,11,10,CeCe
698710712454139905,663,2421,10,10,Cuddles
698703483621523456,368,1426,7,10,Rusty
698549713696649216,613,2282,9,10,Claude
698355670425473025,435,1815,10,10,Jessiga
698342080612007937,942,2230,11,10,Maximus
698262614669991936,1961,4680,11,10,Franklin
698195409219559425,5841,16480,9,10,Beau
698178924120031232,727,2766,10,10,Lily
697990423684476929,1267,3232,11,10,Doug
697943111201378304,661,2351,10,10,Cassie
697881462549430272,1150,2965,10,10,Carter
697575480820686848,490,2012,8,10,Ole
697516214579523584,1089,2015,9,10,Pherb
697482927769255936,655,2376,11,10,Blipson
697270446429966336,1838,4616,10,10,Bentley
697259378236399616,980,3245,8,10,getting
697255105972801536,1136,2993,10,10,Charlie
697242256848379904,654,2472,10,10,Oakley
696900204696625153,1002,3115,12,10,Rosie
696877980375769088,696,2407,9,10,Misty
696754882863349760,355,1460,10,10,Reptar
696744641916489729,917,2036,10,10,Klevin
696713835009417216,636,2339,9,10,Trevith
696405997980676096,1133,3147,7,10,Berb
695794761660297217,751,3111,13,10,Wyatt
695629776980148225,2049,4492,8,10,Calvin
695409464418041856,3498,8531,10,10,Bob
695314793360662529,1420,3569,10,10,Colin
695095422348574720,600,2593,12,10,just
695074328191332352,1069,2798,11,10,Lorenzo
695051054296211456,777,2619,6,10,Brian
694905863685980160,917,2705,10,10,Archie
694669722378485760,14053,35222,12,10,Phil
694352839993344000,601,2000,10,10,Oliviér
694329668942569472,491,1962,9,10,Grady
694183373896572928,911,2906,9,10,Lola
694001791655137281,1002,3342,11,10,Chester
693942351086120961,359,1720,10,10,Kobe
693642232151285760,405,2495,9,10,Freddery
693590843962331137,1911,4960,3,10,Phil
693486665285931008,621,1743,11,10,Lincoln
693280720173801472,1211,3293,10,10,Sadie
693267061318012928,799,2342,12,10,Oscar
693231807727280129,722,2826,9,10,Bodie
693155686491000832,3143,7755,12,10,Dunkin
693095443459342336,449,1820,10,10,Milo
692905862751522816,851,2384,10,10,Wally
692894228850999298,781,2224,10,10,Tupawc
692568918515392513,1501,4284,12,10,Chester
692535307825213440,1333,3104,10,10,Amber
692530551048294401,405,1802,10,10,Cody
692417313023332352,3386,9207,7,10,Herschel
692158366030913536,776,2116,10,10,Edgar
692041934689402880,1240,3352,13,10,Teddy
692017291282812928,934,2843,9,10,Kingsley
691820333922455552,1620,3899,8,10,Brockly
691675652215414786,499,1924,10,10,Richie
691459709405118465,1119,3985,12,10,Leo
691444869282295808,834,2602,12,10,Bailey
691321916024623104,644,2525,11,10,Molly
690932576555528194,994,3226,12,10,Buddy
690735892932222976,1240,3717,13,10,Peaches
690728923253055490,508,2142,8,10,Vinscent
690690673629138944,803,2295,10,10,Cedrick
690649993829576704,271,1281,11,10,Hazel
690597161306841088,589,1923,11,10,Lolo
690400367696297985,441,1857,10,10,Eriq
690374419777196032,829,3201,11,10,Phred
690348396616552449,503,1485,12,10,Oddie
690248561355657216,408,1650,11,10,Maxwell
690021994562220032,1007,2744,10,10,Geoff
689999384604450816,360,1397,10,10,Covach
689905486972461056,689,2407,11,10,Gizmo
689877686181715968,1138,2990,9,10,Durg
689835978131935233,734,2137,11,10,Fynn
689661964914655233,909,3177,12,10,Luca
689659372465688576,3771,10202,8,10,Ricky
689623661272240129,628,2195,10,10,Lucy
689517482558820352,1397,3347,12,10,Carl
689283819090870273,1076,3213,9,10,Chipson
689280876073582592,692,1953,10,10,Herald
689275259254616065,241,1127,10,10,Lucky
689255633275777024,1061,2512,10,10,Ferg
689143371370250240,498,1991,10,10,Trip
688908934925697024,747,2085,8,10,Clarence
688894073864884227,669,2201,7,10,Hamrick
688828561667567616,365,1361,9,10,Brad
688789766343622656,651,2185,8,10,Pubert
688547210804498433,682,2551,9,10,Frönq
688385280030670848,4389,9134,12,10,Louis
688211956440801280,811,2202,13,10,Derby
688179443353796608,574,2104,10,10,Lizzie
688064179421470721,354,1706,11,10,Kilo
687826841265172480,1098,2705,12,10,Louis
687807801670897665,702,2357,11,10,Trooper
687732144991551489,649,1722,11,10,Ember
687704180304273409,823,2392,9,10,Blakely
687664829264453632,502,1904,11,10,Opal
687494652870668288,563,1866,7,10,Marq
687476254459715584,522,1949,11,10,Curtis
687460506001633280,536,2027,10,10,Kramer
687399393394311168,604,1858,10,10,Barry
687317306314240000,8980,19817,11,10,Tyrone
687127927494963200,2223,5342,9,10,Gordon
687124485711986689,495,2144,11,10,Samson
687109925361856513,2402,5699,11,10,Baxter
686947101016735744,3126,8496,11,10,Jackson
686683045143953408,783,2776,11,10,Mona
686618349602762752,1335,3646,11,10,Olivia
686606069955735556,535,1859,10,10,Horace
686386521809772549,862,3205,11,10,Crimson
686377065986265092,552,2166,10,10,Birf
686050296934563840,713,2180,11,10,Flávio
686003207160610816,611,1798,3,10,Hammond
685973236358713344,513,2067,11,10,Lorelei
685906723014619143,2806,7371,9,10,Olive
685667379192414208,552,2324,9,10,Marty
685663452032069632,1422,3174,12,10,Brooks
685641971164143616,760,2883,7,10,Otis
685321586178670592,623,2602,10,10,Rocky
685307451701334016,429,2040,11,10,Petrick
685268753634967552,1175,3044,10,10,Hubertson
685198997565345792,653,2299,11,10,Alfie
685169283572338688,1401,4044,11,10,Gerbald
684959798585110529,3055,6714,5,10,Jerry
684940049151070208,1021,3160,12,10,Oreo
684926975086034944,455,3426,11,10,Bruiser
684902183876321280,517,1832,11,10,Perry
684800227459624960,981,2692,11,10,Theodore
684567543613382656,1186,2965,4,10,Bobby
684481074559381504,1145,3817,10,10,Pippa
684460069371654144,545,1934,10,10,Jeph
684241637099323392,3197,7976,12,10,Obi
684195085588783105,496,1869,9,10,Tino
684177701129875456,652,1988,10,10,Kulet
684147889187209216,1488,2941,12,10,Sweets
684097758874210310,1402,4047,10,10,Lupe
683857920510050305,1097,3745,10,10,Sadie
683852578183077888,339,1904,10,10,Tiger
683849932751646720,939,2560,5,10,Jiminy
683773439333797890,1316,3290,9,10,Buddy
683742671509258241,3226,6353,11,10,Sebastian
683498322573824003,942,3117,11,10,Griffin
683481228088049664,976,2619,11,10,Banjo
683391852557561860,2353,7519,11,10,Jack
683142553609318400,1017,2826,9,10,Brandy
683111407806746624,891,3342,10,10,Larry
683030066213818368,726,2130,10,10,Lulu
682750546109968385,427,1496,9,10,Taco
682662431982772225,1053,3006,11,10,Joey
682406705142087680,1722,7426,7,10,Patrick
682393905736888321,654,2193,11,10,Kreg
682389078323662849,449,1630,9,10,Brody
682303737705140231,953,2997,9,10,Todo
682259524040966145,1173,4054,9,10,Jax
682242692827447297,1132,3180,11,10,Samson
682059653698686977,1635,4847,11,10,Tess
682032003584274432,1953,6467,11,10,Ulysses
681981167097122816,1011,2760,12,10,Jimothy
681891461017812993,796,2423,10,10,Charlie
681694085539872773,3973,12584,11,10,Bo
681654059175129088,906,2587,12,10,Toffee
681579835668455424,1269,3488,8,10,Apollo
681523177663676416,5621,14021,12,10,Carly
681339448655802368,3996,9108,9,10,Asher
681320187870711809,721,2598,11,10,Glacier
681302363064414209,1774,3852,3,10,Chuck
681297372102656000,928,3155,12,10,actually
681281657291280384,1076,3173,11,10,Sarge
681261549936340994,265,1431,9,10,Panda
681242418453299201,517,1457,10,10,Champ
681193455364796417,1440,3623,11,10,Aspen
680959110691590145,1960,4494,9,10,Ozzie
680940246314430465,1018,3144,4,10,Alice
680934982542561280,425,2056,10,10,Sadie
680913438424612864,607,2361,11,10,Griswold
680889648562991104,356,1728,9,10,Cheesy
680836378243002368,1291,3398,12,10,Ellie
680798457301471234,1007,2790,6,10,Moofasa
680609293079592961,681,2573,9,10,Brody
680583894916304897,1300,3557,8,10,Penny
680497766108381184,1863,4155,12,10,Percy
680473011644985345,730,2492,10,10,Hector
680221482581123072,286,1439,10,10,CeCe
680206703334408192,1132,2772,12,10,Toby
680161097740095489,718,2277,12,10,Goliath
680145970311643136,1697,3537,10,10,Kawhi
680130881361686529,913,2242,10,10,Reggie
680115823365742593,877,2665,9,10,Ozzy
680085611152338944,8762,12558,12,10,by
680070545539371008,835,2530,9,10,Emmie
679877062409191424,635,1949,5,10,Penelope
679872969355714560,647,2147,10,10,Rocco
679854723806179328,1195,2794,7,10,Bruce
679844490799091713,740,2321,10,10,Willie
679777920601223168,1070,3042,10,10,Rinna
679729593985699840,803,2121,8,10,Hunter
679722016581222400,456,1627,8,10,Mike
679511351870550016,1230,3283,7,10,William
679503373272485890,1429,3104,8,10,Dwight
679475951516934144,621,2049,9,10,Evy
679462823135686656,18263,30834,11,10,Hurley
679158373988876288,7800,20775,11,10,Rubio
679132435750195208,1120,2915,10,10,Louis
679111216690831360,2510,5830,12,10,officially
679062614270468097,7824,16533,11,10,Chompsky
679001094530465792,1185,2766,11,10,Rascal
678969228704284672,441,1600,11,10,Lola
678798276842360832,1120,3374,7,10,Linda
678774928607469569,877,2742,11,10,Tug
678767140346941444,1319,3440,8,10,Mia
678764513869611008,461,1595,10,10,Wilson
678755239630127104,3170,6920,10,10,Dash
678740035362037760,1617,3653,6,10,Tango
678643457146150913,388,1994,10,10,Grizz
678424312106393600,2462,5330,2,10,Crystal
678410210315247616,1742,4096,10,10,Jerome
678389028614488064,407,1820,11,10,Bella
678380236862578688,877,2373,10,10,Crumpet
678334497360859136,241,1269,10,10,Rosie
678255464182861824,353,1546,9,10,Jessifer
678021115718029313,6124,13243,12,10,Reese
677961670166224897,1632,3326,11,10,Izzy
677700003327029250,1400,3306,10,10,Ralph
677698403548192770,309,1197,9,10,Sadie
677573743309385728,679,2076,10,10,Sandy
677530072887205888,221,1033,9,10,Axel
677331501395156992,227,1052,9,10,Humphrey
677328882937298944,1450,3544,10,10,Derek
677314812125323265,517,1595,10,10,Tassy
677301033169788928,390,1199,5,10,Juckson
677228873407442944,1583,3449,11,10,Chuq
676975532580409345,1026,2684,11,10,Cooper
676949632774234114,382,1268,8,10,Tyrus
676948236477857792,832,2087,6,10,Karl
676864501615042560,682,2032,10,10,Ash
676811746707918848,409,1380,9,10,Penny
676603393314578432,368,1127,9,10,Godzilla
676588346097852417,752,2229,5,10,Bubbles
676582956622721024,263,1154,8,10,Vinnie
676496375194980353,511,1470,9,10,Griffin
676430933382295552,327,1352,10,10,Duke
676237365392908289,273,1164,8,10,Winston
676219687039057920,29826,73834,10,10,Kenneth
676215927814406144,552,1675,9,10,Herm
676146341966438401,635,1854,10,10,Bert
676101918813499392,1121,2735,11,10,Striker
675891555769696257,820,2044,6,10,Donny
675845657354215424,841,2184,10,10,Pepper
675798442703122432,3291,9885,10,10,Bernie
675781562965868544,449,1565,11,10,Buddah
675710890956750848,778,1812,12,10,Lenny
675531475945709568,365,1139,10,10,Ellie
675522403582218240,274,998,10,10,Sammy
675497103322386432,1230,3015,11,10,Reggie
675362609739206656,221,1018,12,10,Daisy
675166823650848770,1513,3417,10,10,Arnold
675146535592706048,281,1132,7,10,Coops
675135153782571009,454,1251,5,10,Steven
675113801096802304,748,1866,10,10,Zuzu
675111688094527488,239,920,8,10,Oliver
675015141583413248,1121,2583,10,10,Moe
675006312288268288,211,936,10,10,Mollie
675003128568291329,436,1496,12,10,Laela
674800520222154752,811,2880,11,10,Tedders
674788554665512960,202,774,9,10,Maggie
674774481756377088,448,1063,11,10,Superpup
674743008475090944,520,1334,10,10,Sophie
674737130913071104,82,619,10,10,Rufio
674690135443775488,451,1096,3,10,Patrick
674670581682434048,611,1536,9,10,Jeb
674664755118911488,235,874,10,10,Rodman
674468880899788800,1929,5961,13,10,Louis
674436901579923456,369,1061,9,10,Bailey
674422304705744896,514,1367,12,10,Ava
674416750885273600,130,660,10,10,Jonah
674410619106390016,437,1147,10,10,Lenny
674394782723014656,543,1446,8,10,Gary
674372068062928900,300,815,10,10,Chesney
674318007229923329,494,1345,8,10,Lennon
674307341513269249,6592,10853,12,10,life
674291837063053312,5551,14033,11,10,Kenny
674269164442398721,217,870,8,10,Bob
674265582246694913,802,1561,2,10,Henry
674262580978937856,428,1250,9,10,Gus
674255168825880576,515,1396,10,10,Bobbay
674075285688614912,269,945,11,10,Mitch
674063288070742018,2067,6084,5,10,Earl
674053186244734976,1223,3140,10,10,Stanley
674051556661161984,464,1384,10,10,Lucy
674038233588723717,399,1056,12,10,Kaiya
674036086168010753,193,813,9,10,Daisy
674019345211760640,287,1076,10,10,Acro
674014384960745472,603,1488,11,10,Aiden
673956914389192708,902,1866,10,10,one
673919437611909120,352,1119,11,10,Obie
673708611235921920,270,1025,12,10,Riley
673707060090052608,370,1048,10,10,Raymond
673705679337693185,388,1202,8,10,Dot
673697980713705472,1848,3775,8,10,Pickles
673688752737402881,465,1203,9,10,Larry
673686845050527744,407,1366,11,10,George
673680198160809984,436,1308,13,10,Shnuggles
673662677122719744,345,1194,12,10,Kendall
673656262056419329,222,689,10,10,Albert
673612854080196609,679,1526,7,10,Jeffri
673583129559498752,337,1142,11,10,Sandy
673359818736984064,630,1377,8,10,Steve
673355879178194945,539,1429,11,10,Koda
673350198937153538,194,716,9,10,Bella
673345638550134785,1186,2387,7,10,Gerald
673342308415348736,539,1209,10,10,Django
673320132811366400,7409,12790,11,10,Frankie
673295268553605120,2982,7163,8,10,Eve
673270968295534593,344,1019,11,10,Mac
673213039743795200,789,2128,10,10,Dexter
673148804208660480,589,1616,8,10,Fletcher
672997845381865473,673,1879,12,10,Kenzie
672995267319328768,271,904,8,10,Pumpkin
672988786805112832,271,935,10,10,Schnozz
672975131468300288,847,1592,10,10,Chuckles
672970152493887488,337,905,7,10,Chet
672968025906282496,509,1262,11,10,Gustaf
672964561327235073,608,1359,10,10,Terry
672902681409806336,463,1303,9,10,Jimison
672898206762672129,400,857,11,10,Cheryl
672877615439593473,329,983,8,10,Oscar
672834301050937345,536,1247,10,10,Ed
672828477930868736,459,1191,9,10,Jerry
672640509974827008,296,929,9,10,Leonidas
672614745925664768,549,1166,6,10,Norman
672609152938721280,367,1054,9,10,Caryl
672594978741354496,579,1261,9,10,Scott
672591762242805761,318,907,10,10,Taz
672538107540070400,343,977,7,10,Darby
672488522314567680,407,1056,10,10,Jackie
672482722825261057,561,1066,10,10,light
672481316919734272,122,687,12,10,Jazz
672475084225949696,657,1374,8,10,Buddy
672466075045466113,498,1291,12,10,Franq
672272411274932228,3162,6121,11,10,Pippin
672264251789176834,314,1081,10,10,Kreg
672254177670729728,697,1365,11,10,Rolf
672245253877968896,144,647,12,10,Snickers
672239279297454080,301,854,7,10,Ridley
672222792075620352,199,749,9,10,Cal
672205392827572224,1081,2142,9,10,Opal
672169685991993344,343,972,10,10,Bradley
672160042234327040,337,834,8,10,Bubba
672125275208069120,1073,2268,11,10,just
672095186491711488,343,943,9,10,Tuco
672082170312290304,345,897,11,10,Patch
672068090318987265,481,1227,7,10,Gizmo
671896809300709376,3937,8086,10,10,Lola
671891728106971137,539,1250,11,10,Mojo
671882082306625538,1308,3287,11,10,Batdog
671879137494245376,627,1343,5,10,Brad
671874878652489728,519,1192,10,10,Mia
671866342182637568,463,1062,10,10,Dylan
671789708968640512,3254,6708,13,10,space
671763349865160704,846,1585,9,10,Mark
671735591348891648,705,1367,11,10,Oscar
671547767500775424,552,1276,10,10,Marley
671542985629241344,530,1035,10,10,JD
671538301157904385,362,880,8,10,Baxter
671536543010570240,381,1108,9,10,Reginald
671528761649688577,241,795,10,10,Jax
671520732782923777,498,1321,10,10,Alejandro
671518598289059840,279,897,9,10,Scruffers
671511350426865664,663,1507,8,10,Hammond
671504605491109889,3347,6616,11,10,Charlie
671497587707535361,421,869,11,10,Pip
671488513339211776,450,946,8,10,Julius
671486386088865792,183,547,10,10,Malcolm
671485057807351808,220,722,11,10,Penelope
671362598324076544,279,1049,11,10,Tanner
671355857343524864,112,457,10,10,Lou
671347597085433856,400,905,9,10,Lola
671186162933985280,194,696,10,10,Sparky
671166507850801152,323,828,10,10,Herm
671159727754231808,74,344,5,10,Anthony
671154572044468225,205,668,11,10,Holly
671134062904504320,178,704,8,10,Clarence
671115716440031232,728,1296,6,10,Phred
671109016219725825,410,1084,8,10,Toby
670840546554966016,181,553,10,10,Colby
670833812859932673,114,413,7,10,Jett
670832455012716544,201,692,10,10,Amy
670823764196741120,175,735,12,10,Remington
670815497391357952,1443,3007,10,10,Sage
670811965569282048,253,1067,10,10,Maggie
670807719151067136,459,1105,11,10,Andy
670804601705242624,901,1853,10,10,Mason
670797304698376195,222,699,11,10,Trigger
670792680469889025,257,783,7,10,Antony
670786190031921152,186,567,8,10,Creg
670780561024270336,270,752,7,10,Traviss
670764103623966721,392,1029,10,10,Vincent
670755717859713024,99,416,9,10,Gin
670733412878163972,476,906,8,10,Jerry
670727704916926465,335,787,10,10,Jeffrie
670704688707301377,348,734,6,10,Danny
670691627984359425,227,557,8,10,Ester
670679630144274432,265,711,8,10,Pluto
670676092097810432,38,234,8,10,Bloo
670668383499735048,4687,10126,10,10,Phineas
670468609693655041,82,337,10,10,Edd
670444955656130560,1867,6379,10,10,Paull
670442337873600512,187,612,11,10,Koda
670434127938719744,604,1335,11,10,Hank
670433248821026816,104,313,10,10,Sam
670428280563085312,579,1318,11,10,Willy
670421925039075328,599,1237,12,10,Herb
670420569653809152,296,585,10,10,Damon
670411370698022913,831,1908,12,10,Scooter
670408998013820928,206,526,10,10,Peanut
670403879788544000,143,407,10,10,Nigel
670385711116361728,191,535,8,10,Larry
670374371102445568,251,709,12,10,Daisy
670338931251150849,101,406,10,10,Butters
670290420111441920,268,659,11,10,Sandra
670093938074779648,310,973,9,10,Wally
670079681849372674,1146,2102,10,10,Fabio
670073503555706880,741,1481,10,10,Winston
670069087419133954,223,589,5,10,Randall
670061506722140161,310,717,11,10,Liam
670055038660800512,305,631,3,10,Tommy
670046952931721218,160,614,11,10,Ben
670003130994700288,84,315,10,10,Raphael
669993076832759809,78,305,9,10,Zoey
669970042633789440,51,285,10,10,Julio
669942763794931712,148,478,11,10,Andru
669753178989142016,372,759,10,10,Chester
669749430875258880,62,245,8,10,Clarence
669683899023405056,102,361,10,10,Kloey
669682095984410625,126,334,9,10,Louie
669680153564442624,268,632,8,10,Shawwn
669625907762618368,1696,3339,12,10,Penny
669597912108789760,142,485,10,10,Skye
669573570759163904,130,413,10,10,Linda
669571471778410496,952,1504,7,10,Keith
669567591774625800,48,220,9,10,Kollin
669393256313184256,69,339,10,10,Ronduh
669375718304980992,679,1255,6,10,Billl
669371483794317312,167,466,10,10,Oliviér
669367896104181761,141,434,10,10,Chip
669359674819481600,113,350,11,10,Saydee
669354382627049472,1199,2553,8,10,Dug
669351434509529089,168,409,10,10,Sully
669328503091937280,390,963,12,10,Kirk
669324657376567296,195,467,11,10,Ralf
669216679721873412,377,1132,8,10,Clarq
669214165781868544,149,413,10,10,Jaspers
669203728096960512,436,952,9,10,Samsom
669006782128353280,229,547,12,10,Tucker
669000397445533696,5969,19814,11,10,Terrance
668992363537309700,316,708,8,10,Harrison
668989615043424256,309,633,3,10,Bernie
668986018524233728,153,519,9,10,Ruby
668979806671884288,327,753,12,10,Chaz
668975677807423489,545,1236,11,10,Jeremy
668960084974809088,229,665,10,10,Jaycob
668932921458302977,53,246,9,10,Herald
668902994700836864,94,301,11,10,Lambeau
668892474547511297,138,378,11,10,Ruffles
668872652652679168,281,498,11,10,Amélie
668852170888998912,149,426,11,10,Bobb
668826086256599040,124,411,10,10,Banditt
668779399630725120,347,673,10,10,Kevon
668655139528511488,204,495,11,10,Winifred
668641109086707712,504,1008,10,10,Hanz
668636665813057536,461,981,10,10,an
668633411083464705,1495,2651,10,10,Churlie
668631377374486528,297,672,5,10,Zeek
668627278264475648,104,296,9,10,Timofy
668625577880875008,120,360,10,10,Maks
668623201287675904,703,1342,10,10,Jomathan
668620235289837568,37,186,10,10,Kallie
668567822092664832,49,227,11,10,Marvin
668537837512433665,67,241,8,10,Spark
668528771708952576,208,440,12,10,Gòrdón
668496999348633600,122,383,8,10,Jo
668480044826800133,135,432,11,10,DayZ
668286279830867968,127,478,11,10,Rusty
668274247790391296,220,774,10,10,Sophie
668256321989451776,556,1220,13,10,Jareld
668248472370458624,445,905,8,10,Bisquick
668237644992782336,2649,5855,10,10,Torque
668204964695683073,183,527,8,10,Ron
668190681446379520,188,610,12,10,Skittles
668113020489474048,219,633,6,10,Alfie
667924896115245057,103,277,9,10,Jiminy
667915453470232577,53,199,10,10,Otis
667902449697558528,356,813,9,10,Cleopatricia
667886921285246976,1001,1773,11,10,Erik
667885044254572545,438,779,10,10,Stu
667878741721415682,110,374,2,10,Tedrick
667866724293877760,970,2868,10,10,Shaggy
667806454573760512,454,996,10,10,Filup
667766675769573376,202,414,9,10,Calvin
667728196545200128,143,361,11,10,Olive
667546741521195010,115,321,9,10,George
667544320556335104,493,810,10,10,Kial
667534815156183040,493,772,8,10,Frank
667530908589760512,221,442,10,10,Naphaniel
667517642048163840,179,348,8,10,Dook
667502640335572993,207,514,11,10,Hall
667495797102141441,248,493,9,10,Philippe
667455448082227200,56,181,7,10,Reese
667453023279554560,83,297,11,10,Cupcake
667405339315146752,208,441,7,10,Biden
667393430834667520,51,182,8,10,Fwed
667211855547486208,223,459,9,10,Genevieve
667200525029539841,243,579,11,10,Joshwa
667182792070062081,5727,13476,10,10,Timison
667174963120574464,72,233,9,10,Clarence
667171260800061440,77,206,10,10,Kenneth
667165590075940865,1047,2530,10,10,Churlie
667160273090932737,57,240,11,10,Bradlay
667152164079423490,15732,44959,12,10,Pipsy
667119796878725120,121,314,10,10,Gabe
667090893657276420,116,315,7,10,Clybe
667073648344346624,109,376,10,10,Dave
667062181243039745,48,206,10,10,Keet
667012601033924608,207,423,9,10,Klevin
666996132027977728,82,227,10,10,Carll
666817836334096384,234,479,9,10,Jeph
666804364988780544,84,219,8,10,Jockson
666776908487630848,157,323,5,10,Josep
666739327293083650,60,221,10,10,Lugan
666691418707132416,45,174,8,10,Christoper
666644823164719104,74,220,9,10,Jimothy
666454714377183233,198,481,10,10,Kreggory
666447344410484738,18,95,9,10,Scout
666418789513326592,41,112,10,10,Walter
666411507551481857,289,404,2,10,quite
666337882303524864,82,180,9,10,an
666051853826850816,761,1111,2,10,an
